Index,URL
1,http://acc.epfl.ch/page-63770.html
2,http://acht.epfl.ch/page-131679.html
3,http://adec.epfl.ch/page-52887.html
4,http://adec.epfl.ch/page-70559.html
5,http://ae.epfl.ch/page-25680.html
6,http://ae.epfl.ch/page-25922.html
7,http://ae.epfl.ch/page-25923.html
8,http://ae.epfl.ch/page-25926.html
9,http://ae.epfl.ch/page-25934.html
10,http://ae.epfl.ch/page-25944.html
11,http://ae.epfl.ch/page-28328.html
12,http://ae.epfl.ch/page-28348.html
13,http://ae.epfl.ch/page-28364.html
14,http://ae.epfl.ch/page-28437.html
15,http://ae.epfl.ch/page-41100.html
16,http://ae.epfl.ch/page-41101.html
17,http://ae.epfl.ch/page-41103.html
18,http://ae.epfl.ch/page-41104.html
19,http://ae.epfl.ch/page-41105.html
20,http://ae.epfl.ch/page-41106.html
21,http://ae.epfl.ch/page-41107.html
22,http://ae.epfl.ch/page-41110.html
23,http://ae.epfl.ch/page-41111.html
24,http://ae.epfl.ch/page-41112.html
25,http://ae.epfl.ch/page-41113.html
26,http://ae.epfl.ch/page-41114.html
27,http://ae.epfl.ch/page-41115.html
28,http://ae.epfl.ch/page-41116.html
29,http://ae.epfl.ch/page-41119.html
30,http://ae.epfl.ch/page-41120.html
31,http://ae.epfl.ch/page-41121.html
32,http://ae.epfl.ch/page-41122.html
33,http://ae.epfl.ch/page-41123.html
34,http://ae.epfl.ch/page-41124.html
35,http://ae.epfl.ch/page-41125.html
36,http://ae.epfl.ch/page-41126.html
37,http://ae.epfl.ch/page-41127.html
38,http://ae.epfl.ch/page-41129.html
39,http://ae.epfl.ch/page-41131.html
40,http://ae.epfl.ch/page-75964.html
41,http://aegc.epfl.ch/page-95643.html
42,http://aesv.epfl.ch/page-102885.html
43,http://aesv.epfl.ch/page-71402.html
44,http://aesv.epfl.ch/page-71848.html
45,http://aesv.epfl.ch/page-73109.html
46,http://aesv.epfl.ch/page-73111.html
47,http://aesv.epfl.ch/page-73113.html
48,http://aesv.epfl.ch/page-73115.html
49,http://aesv.epfl.ch/page-73117.html
50,http://apc.epfl.ch/page-103208.html
51,http://apc.epfl.ch/page-103209.html
52,http://apc.epfl.ch/page-108105.html
53,http://apc.epfl.ch/page-108106.html
54,http://apc.epfl.ch/page-108107.html
55,http://apc.epfl.ch/page-108113.html
56,http://apc.epfl.ch/page-108580.html
57,http://apc.epfl.ch/page-117936.html
58,http://apc.epfl.ch/page-118143.html
59,http://apc.epfl.ch/page-118145.html
60,http://apc.epfl.ch/page-118290.html
61,http://apc.epfl.ch/page-118314.html
62,http://apc.epfl.ch/page-118315.html
63,http://apc.epfl.ch/page-130980.html
64,http://apc.epfl.ch/page-131837.html
65,http://apc.epfl.ch/page-132013.html
66,http://apc.epfl.ch/page-133675.html
67,http://apc.epfl.ch/page-139481.html
68,http://apc.epfl.ch/page-141686.html
69,http://apc.epfl.ch/page-153146.html
70,http://apc.epfl.ch/page-153150.html
71,http://apc.epfl.ch/page-73787.html
72,http://apc.epfl.ch/page-73819.html
73,http://apc.epfl.ch/page-73821.html
74,http://apc.epfl.ch/page-73828.html
75,http://apc.epfl.ch/page-73832.html
76,http://apc.epfl.ch/page-73835.html
77,http://apc.epfl.ch/page-73837.html
78,http://apc.epfl.ch/page-73857.html
79,http://apc.epfl.ch/page-73858.html
80,http://apc.epfl.ch/page-73860.html
81,http://apc.epfl.ch/page-74111.html
82,http://apc.epfl.ch/page-74295.html
83,http://apc.epfl.ch/page-74330.html
84,http://apc.epfl.ch/page-79447.html
85,http://apc.epfl.ch/page-79590.html
86,http://apc.epfl.ch/page-79606.html
87,http://apc.epfl.ch/page-79706.html
88,http://aphys.epfl.ch/page-104746.html
89,http://aphys.epfl.ch/page-153139.html
90,http://aphys.epfl.ch/page-88850.html
91,http://aprl.epfl.ch/page-77837.html
92,http://aprl.epfl.ch/page-77838.html
93,http://aprl.epfl.ch/page-77840.html
94,http://archizoom.epfl.ch/page-135654.html
95,http://archizoom.epfl.ch/page-148918.html
96,http://archizoom.epfl.ch/page-16062.html
97,http://archizoom.epfl.ch/page-17751.html
98,http://archizoom.epfl.ch/page-19165.html
99,http://aspg.epfl.ch/page-55576.html
100,http://aspg.epfl.ch/page-55585.html
101,http://aspg.epfl.ch/page-55586.html
102,http://associations.epfl.ch/page-16305.html
103,http://associations.epfl.ch/page-16317.html
104,http://associations.epfl.ch/page-16319.html
105,http://associations.epfl.ch/page-16320.html
106,http://atelierweb.epfl.ch/page-118575.html
107,http://atelierweb.epfl.ch/page-119722.html
108,http://atelierweb.epfl.ch/page-41453.html
109,http://atelierweb.epfl.ch/page-64781.html
110,http://bachelor-old.epfl.ch/page-5865.html
111,http://bachelor-old.epfl.ch/page-5897.html
112,http://bachelor-old.epfl.ch/page-5900.html
113,http://bachelor.epfl.ch/page-100271.html
114,http://bachelor.epfl.ch/page-97939.html
115,http://bioem.epfl.ch/page-105273.html
116,http://biorob.epfl.ch/page-113615.html
117,http://biorob.epfl.ch/page-36381.html
118,http://biorob.epfl.ch/page-36388.html
119,http://blokesch-lab.epfl.ch/page-10501.html
120,http://blokesch-lab.epfl.ch/page-18346.html
121,http://bluebrain.epfl.ch/page-52063.html
122,http://bmi.epfl.ch/page-104454.html
123,http://bmi.epfl.ch/page-108170.html
124,http://bmi.epfl.ch/page-122752.html
125,http://bmi.epfl.ch/page-9249.html
126,http://bmi.epfl.ch/page-97957.html
127,http://c3mp.epfl.ch/page-70114.html
128,http://callista.epfl.ch/page-100769.html
129,http://callista.epfl.ch/page-100798.html
130,http://callista.epfl.ch/page-100800.html
131,http://callista.epfl.ch/page-100801.html
132,http://callista.epfl.ch/page-100904.html
133,http://callista.epfl.ch/page-85559.html
134,http://callista.epfl.ch/page-85574.html
135,http://callista.epfl.ch/page-85896.html
136,http://callista.epfl.ch/page-94215.html
137,http://cce.epfl.ch/page-43510.html
138,http://cdh.epfl.ch/page-143350.html
139,http://cdm.epfl.ch/page-116736.html
140,http://cdm.epfl.ch/page-116805.html
141,http://cdm.epfl.ch/page-141820.html
142,http://cdm.epfl.ch/page-141821.html
143,http://cdm.epfl.ch/page-141830.html
144,http://cdm.epfl.ch/page-141831.html
145,http://cdm.epfl.ch/page-141832.html
146,http://ceat.epfl.ch/page-112670.html
147,http://ceat.epfl.ch/page-112672.html
148,http://ceat.epfl.ch/page-112759.html
149,http://ceat.epfl.ch/page-112764.html
150,http://ceat.epfl.ch/page-112765.html
151,http://ceat.epfl.ch/page-112774.html
152,http://ceat.epfl.ch/page-112775.html
153,http://ceat.epfl.ch/page-112776.html
154,http://ceat.epfl.ch/page-112850.html
155,http://ceat.epfl.ch/page-113162.html
156,http://ceat.epfl.ch/page-113163.html
157,http://ceat.epfl.ch/page-113169.html
158,http://ceat.epfl.ch/page-113171.html
159,http://ceat.epfl.ch/page-113225.html
160,http://ceat.epfl.ch/page-113226.html
161,http://ceat.epfl.ch/page-113227.html
162,http://ceat.epfl.ch/page-113229.html
163,http://ceat.epfl.ch/page-118362.html
164,http://ceat.epfl.ch/page-30331.html
165,http://chaire-gaz-naturel.epfl.ch/page-78010.html
166,http://chaire-landoltetcie.epfl.ch/page-68098.html
167,http://chaire-landoltetcie.epfl.ch/page-68104.html
168,http://chaire-landoltetcie.epfl.ch/page-68111.html
169,http://chaire-landoltetcie.epfl.ch/page-68114.html
170,http://chaire-landoltetcie.epfl.ch/page-68115.html
171,http://chaire-landoltetcie.epfl.ch/page-68117.html
172,http://chaire-landoltetcie.epfl.ch/page-68119.html
173,http://chaire-landoltetcie.epfl.ch/page-68120.html
174,http://chaire-landoltetcie.epfl.ch/page-68121.html
175,http://chaire-landoltetcie.epfl.ch/page-68122.html
176,http://chaire-landoltetcie.epfl.ch/page-68123.html
177,http://chaire-landoltetcie.epfl.ch/page-73168.html
178,http://chaire-landoltetcie.epfl.ch/page-73169.html
179,http://chili.epfl.ch/page-143988.html
180,http://clipair.epfl.ch/page-93810.html
181,http://cmcs.epfl.ch/page-14468.html
182,http://cnp.epfl.ch/page-78246.html
183,http://cnp.epfl.ch/page-87396.html
184,http://coaching.epfl.ch/page-125284.html
185,http://coaching.epfl.ch/page-125285.html
186,http://coaching.epfl.ch/page-125286.html
187,http://coaching.epfl.ch/page-125307.html
188,http://coaching.epfl.ch/page-23407.html
189,http://coaching.epfl.ch/page-23412.html
190,http://coaching.epfl.ch/page-23488.html
191,http://coaching.epfl.ch/page-23572.html
192,http://coaching.epfl.ch/page-23573.html
193,http://coaching.epfl.ch/page-23584.html
194,http://coaching.epfl.ch/page-23689.html
195,http://coaching.epfl.ch/page-84149.html
196,http://cole-lab.epfl.ch/page-142146.html
197,http://cooperation.epfl.ch/page-121632.html
198,http://cooperation.epfl.ch/page-123502.html
199,http://cooperation.epfl.ch/page-147254.html
200,http://cooperation.epfl.ch/page-147255.html
201,http://cooperation.epfl.ch/page-70745.html
202,http://cooperation.epfl.ch/page-88806.html
203,http://cooperation.epfl.ch/page-8942.html
204,http://courtine-lab.epfl.ch/page-76418.html
205,http://cqfd.epfl.ch/page-56822.html
206,http://cse.epfl.ch/page-16378.html
207,http://csea.epfl.ch/page-33822.html
208,http://csp.epfl.ch/page-18421.html
209,http://culture.epfl.ch/page-110960.html
210,http://culture.epfl.ch/page-123071.html
211,http://culture.epfl.ch/page-130533.html
212,http://cvlab.epfl.ch/page-108932.html
213,http://cvlab.epfl.ch/page-108933.html
214,http://cvlab.epfl.ch/page-108952.html
215,http://cvlab.epfl.ch/page-108977.html
216,http://cvlab.epfl.ch/page-109413.html
217,http://cvlab.epfl.ch/page-110916.html
218,http://cvlab.epfl.ch/page-117753.html
219,http://cvlab.epfl.ch/page-125202.html
220,http://cvlab.epfl.ch/page-126956.html
221,http://cvlab.epfl.ch/page-131214.html
222,http://cvlab.epfl.ch/page-90559.html
223,http://cvlab.epfl.ch/page-90562.html
224,http://cvlab.epfl.ch/page-90577.html
225,http://cvlab.epfl.ch/page-90603.html
226,http://cvlab.epfl.ch/page-90609.html
227,http://cvlab.epfl.ch/page-90612.html
228,http://cvlab.epfl.ch/page-90680.html
229,http://cvlab.epfl.ch/page-90682.html
230,http://cvlab.epfl.ch/page-90683.html
231,http://cvlab.epfl.ch/page-90684.html
232,http://cvlab.epfl.ch/page-90685.html
233,http://cvlab.epfl.ch/page-90686.html
234,http://cvlab.epfl.ch/page-90687.html
235,http://cvlab.epfl.ch/page-91215.html
236,http://cvlab.epfl.ch/page-91280.html
237,http://dabs.epfl.ch/page-141525.html
238,http://dabs.epfl.ch/page-147775.html
239,http://dabs.epfl.ch/page-147776.html
240,http://dabs.epfl.ch/page-83658.html
241,http://data.epfl.ch/page-107635.html
242,http://dcg.epfl.ch/page-18448.html
243,http://developpement-durable.epfl.ch/page-156024.html
244,http://developpement-durable.epfl.ch/page-82884.html
245,http://dias.epfl.ch/page-6533.html
246,http://dias.epfl.ch/page-84948.html
247,http://dii.epfl.ch/page-103919.html
248,http://dii.epfl.ch/page-109210.html
249,http://dii.epfl.ch/page-109211.html
250,http://dii.epfl.ch/page-109212.html
251,http://dii.epfl.ch/page-109213.html
252,http://dii.epfl.ch/page-109214.html
253,http://dii.epfl.ch/page-109215.html
254,http://dii.epfl.ch/page-109216.html
255,http://dii.epfl.ch/page-109217.html
256,http://dii.epfl.ch/page-109218.html
257,http://dii.epfl.ch/page-109221.html
258,http://dii.epfl.ch/page-128218.html
259,http://dii.epfl.ch/page-133330.html
260,http://dii.epfl.ch/page-133339.html
261,http://dii.epfl.ch/page-133340.html
262,http://dii.epfl.ch/page-133341.html
263,http://dii.epfl.ch/page-156392.html
264,http://dii.epfl.ch/page-18531.html
265,http://dii.epfl.ch/page-18534.html
266,http://dii.epfl.ch/page-18535.html
267,http://dii.epfl.ch/page-18536.html
268,http://dii.epfl.ch/page-18541.html
269,http://dii.epfl.ch/page-18542.html
270,http://dii.epfl.ch/page-18543.html
271,http://dii.epfl.ch/page-18545.html
272,http://dii.epfl.ch/page-18547.html
273,http://dii.epfl.ch/page-18548.html
274,http://dii.epfl.ch/page-18551.html
275,http://dii.epfl.ch/page-18552.html
276,http://dii.epfl.ch/page-18553.html
277,http://dii.epfl.ch/page-18556.html
278,http://dii.epfl.ch/page-18557.html
279,http://dii.epfl.ch/page-18559.html
280,http://dii.epfl.ch/page-18562.html
281,http://dii.epfl.ch/page-18568.html
282,http://dii.epfl.ch/page-18569.html
283,http://dii.epfl.ch/page-18573.html
284,http://dii.epfl.ch/page-18574.html
285,http://dii.epfl.ch/page-78481.html
286,http://dii.epfl.ch/page-78484.html
287,http://direction.epfl.ch/page-144119.html
288,http://dit-intra.epfl.ch/page-49140.html
289,http://dit-intra.epfl.ch/page-84295.html
290,http://dit-intra.epfl.ch/page-84296.html
291,http://dit.epfl.ch/page-17353.html
292,http://dit.epfl.ch/page-17368.html
293,http://dit.epfl.ch/page-17388.html
294,http://dit.epfl.ch/page-17406.html
295,http://dit.epfl.ch/page-56273.html
296,http://dualt.epfl.ch/page-12587.html
297,http://duboule-lab.epfl.ch/page-56903.html
298,http://dynamic.epfl.ch/page-118479.html
299,http://echo.epfl.ch/page-113931.html
300,http://echo.epfl.ch/page-113942.html
301,http://echo.epfl.ch/page-113945.html
302,http://echo.epfl.ch/page-113961.html
303,http://echo.epfl.ch/page-113962.html
304,http://echo.epfl.ch/page-113963.html
305,http://echo.epfl.ch/page-113964.html
306,http://echo.epfl.ch/page-113965.html
307,http://echo.epfl.ch/page-113967.html
308,http://echo.epfl.ch/page-12892.html
309,http://echo.epfl.ch/page-12903.html
310,http://echo.epfl.ch/page-146051.html
311,http://echo.epfl.ch/page-146075.html
312,http://echo.epfl.ch/page-149404.html
313,http://ecol.epfl.ch/page-5748.html
314,http://ecol.epfl.ch/page-8499.html
315,http://ecol.epfl.ch/page-8500.html
316,http://ecol.epfl.ch/page-8514.html
317,http://ecos.epfl.ch/page-132683.html
318,http://enac.epfl.ch/page-143686.html
319,http://enac.epfl.ch/page-143774.html
320,http://enac.epfl.ch/page-143776.html
321,http://enac.epfl.ch/page-143777.html
322,http://enac.epfl.ch/page-144198.html
323,http://enac.epfl.ch/page-144199.html
324,http://enac.epfl.ch/page-146793.html
325,http://enac.epfl.ch/page-146980.html
326,http://enac.epfl.ch/page-146981.html
327,http://enac.epfl.ch/page-147045.html
328,http://enac.epfl.ch/page-147632.html
329,http://enac.epfl.ch/page-1922.html
330,http://enacit2.epfl.ch/page-58232.html
331,http://enacit3.epfl.ch/page-60912.html
332,http://energycenter.epfl.ch/page-107942.html
333,http://epic.epfl.ch/page-106921.html
334,http://epsl.epfl.ch/page-78191.html
335,http://equality.epfl.ch/page-124976.html
336,http://esl.epfl.ch/page-58153.html
337,http://events.epfl.ch/page-75730.html
338,http://events.epfl.ch/page-93005.html
339,http://events.epfl.ch/page-93009.html
340,http://events.epfl.ch/page-95333.html
341,http://exploitation-energies.epfl.ch/page-111767.html
342,http://fccf.epfl.ch/page-89111.html
343,http://formation.epfl.ch/page-97006.html
344,http://gcee.epfl.ch/page-50987.html
345,http://gcib.epfl.ch/page-50981.html
346,http://gdp.epfl.ch/page-50993.html
347,http://ggrc.epfl.ch/page-50984.html
348,http://ggsd.epfl.ch/page-50996.html
349,http://gonczy-lab.epfl.ch/page-88483.html
350,http://gpao.epfl.ch/page-72555.html
351,http://gr-cel.epfl.ch/page-10581.html
352,http://gr-ost.epfl.ch/page-53349.html
353,http://graefflab.epfl.ch/page-97945.html
354,http://grantsoffice.epfl.ch/page-87830.html
355,http://grantsoffice.epfl.ch/page-87884.html
356,http://gymnases.epfl.ch/page-93140.html
357,http://help-absences.epfl.ch/page-147429.html
358,http://help-absences.epfl.ch/page-95181.html
359,http://help-actu.epfl.ch/page-29529.html
360,http://help-infoscience.epfl.ch/page-59729.html
361,http://help-my.epfl.ch/page-49573.html
362,http://help-my.epfl.ch/page-7787.html
363,http://help-my.epfl.ch/page-7788.html
364,http://help-my.epfl.ch/page-7800.html
365,http://help-my.epfl.ch/page-7801.html
366,http://help-my.epfl.ch/page-7802.html
367,http://help-my.epfl.ch/page-7803.html
368,http://help-my.epfl.ch/page-7805.html
369,http://help-my.epfl.ch/page-7806.html
370,http://help-my.epfl.ch/page-7807.html
371,http://help-my.epfl.ch/page-7808.html
372,http://help-my.epfl.ch/page-7809.html
373,http://help-my.epfl.ch/page-7810.html
374,http://help-my.epfl.ch/page-7811.html
375,http://help-my.epfl.ch/page-7813.html
376,http://help-my.epfl.ch/page-7814.html
377,http://help-my.epfl.ch/page-84684.html
378,http://help-my.epfl.ch/page-84695.html
379,http://help-my.epfl.ch/page-84696.html
380,http://help-people.epfl.ch/page-112178.html
381,http://hessbellwald-lab.epfl.ch/page-145722.html
382,http://hessbellwald-lab.epfl.ch/page-76587.html
383,http://ibois.epfl.ch/page-18295.html
384,http://ic.epfl.ch/page-100250.html
385,http://ic.epfl.ch/page-100252.html
386,http://ic.epfl.ch/page-105865.html
387,http://ic.epfl.ch/page-144066.html
388,http://ic.epfl.ch/page-154082.html
389,http://ic.epfl.ch/page-154091.html
390,http://ic.epfl.ch/page-35529.html
391,http://ic.epfl.ch/page-62416.html
392,http://ic.epfl.ch/page-78847.html
393,http://ic.epfl.ch/page-95512.html
394,http://iclab.epfl.ch/page-104995.html
395,http://iclab.epfl.ch/page-123012.html
396,http://imac.epfl.ch/page-112789.html
397,http://information.epfl.ch/page-132982.html
398,http://information.epfl.ch/page-143952.html
399,http://information.epfl.ch/page-143967.html
400,http://information.epfl.ch/page-155922.html
401,http://information.epfl.ch/page-16430.html
402,http://information.epfl.ch/page-17082.html
403,http://information.epfl.ch/page-24563.html
404,http://ipg.epfl.ch/page-113820.html
405,http://ipg.epfl.ch/page-113821.html
406,http://ipg.epfl.ch/page-135737.html
407,http://ipg.epfl.ch/page-135739.html
408,http://ipg.epfl.ch/page-135742.html
409,http://ipg.epfl.ch/page-135744.html
410,http://ipg.epfl.ch/page-135746.html
411,http://ipg.epfl.ch/page-136074.html
412,http://ipg.epfl.ch/page-136075.html
413,http://ipg.epfl.ch/page-136076.html
414,http://ipg.epfl.ch/page-136080.html
415,http://ipg.epfl.ch/page-136082.html
416,http://ipg.epfl.ch/page-136085.html
417,http://ipg.epfl.ch/page-136266.html
418,http://ipg.epfl.ch/page-136268.html
419,http://ipg.epfl.ch/page-136269.html
420,http://ipg.epfl.ch/page-136273.html
421,http://ipg.epfl.ch/page-136274.html
422,http://ipg.epfl.ch/page-136275.html
423,http://ipg.epfl.ch/page-136278.html
424,http://ipg.epfl.ch/page-136291.html
425,http://ipg.epfl.ch/page-136292.html
426,http://ipg.epfl.ch/page-136293.html
427,http://ipg.epfl.ch/page-136294.html
428,http://ipg.epfl.ch/page-136296.html
429,http://ipg.epfl.ch/page-136297.html
430,http://ipg.epfl.ch/page-136305.html
431,http://ipg.epfl.ch/page-136319.html
432,http://ipg.epfl.ch/page-136320.html
433,http://ipg.epfl.ch/page-136321.html
434,http://ipg.epfl.ch/page-136323.html
435,http://ipg.epfl.ch/page-136324.html
436,http://ipg.epfl.ch/page-136422.html
437,http://ipg.epfl.ch/page-136423.html
438,http://ipg.epfl.ch/page-136424.html
439,http://ipg.epfl.ch/page-136425.html
440,http://ipg.epfl.ch/page-136426.html
441,http://ipg.epfl.ch/page-136429.html
442,http://ipg.epfl.ch/page-136430.html
443,http://ipg.epfl.ch/page-136452.html
444,http://ipg.epfl.ch/page-136453.html
445,http://ipg.epfl.ch/page-136454.html
446,http://ipg.epfl.ch/page-136456.html
447,http://ipg.epfl.ch/page-136457.html
448,http://ipg.epfl.ch/page-136458.html
449,http://ipg.epfl.ch/page-136459.html
450,http://ipg.epfl.ch/page-136476.html
451,http://ipg.epfl.ch/page-136477.html
452,http://ipg.epfl.ch/page-136480.html
453,http://ipg.epfl.ch/page-136481.html
454,http://ipg.epfl.ch/page-136482.html
455,http://ipg.epfl.ch/page-136491.html
456,http://ipg.epfl.ch/page-136492.html
457,http://ipg.epfl.ch/page-136493.html
458,http://ipg.epfl.ch/page-136494.html
459,http://ipg.epfl.ch/page-136495.html
460,http://ipg.epfl.ch/page-136496.html
461,http://ipg.epfl.ch/page-136497.html
462,http://ipg.epfl.ch/page-136509.html
463,http://ipg.epfl.ch/page-136512.html
464,http://ipg.epfl.ch/page-136513.html
465,http://ipg.epfl.ch/page-136515.html
466,http://ipg.epfl.ch/page-136664.html
467,http://ipg.epfl.ch/page-136666.html
468,http://ipg.epfl.ch/page-136667.html
469,http://ipg.epfl.ch/page-136674.html
470,http://ipg.epfl.ch/page-136872.html
471,http://ipg.epfl.ch/page-141810.html
472,http://ipg.epfl.ch/page-141816.html
473,http://ipg.epfl.ch/page-146911.html
474,http://ipg.epfl.ch/page-146916.html
475,http://ipg.epfl.ch/page-146917.html
476,http://ipg.epfl.ch/page-146920.html
477,http://ipg.epfl.ch/page-146927.html
478,http://ipg.epfl.ch/page-149469.html
479,http://is-academia.epfl.ch/page-137148.html
480,http://is-academia.epfl.ch/page-6244.html
481,http://isic.epfl.ch/page-15982.html
482,http://it.epfl.ch/page-105073.html
483,http://it.epfl.ch/page-98038.html
484,http://it.epfl.ch/page-98078.html
485,http://ivrl.epfl.ch/page-107787.html
486,http://ivrl.epfl.ch/page-85543.html
487,http://ivrl.epfl.ch/page-97989.html
488,http://jahia-prod.epfl.ch/cms/site/achats-it/page-59279.html
489,http://jahia-prod.epfl.ch/cms/site/test_actu/page-128158.html
490,http://jahia-prod.epfl.ch/site/benchmarking-achats/page-110421.html
491,http://jahia-prod.epfl.ch/site/benchmarking-achats/page-56711.html
492,http://jahia-prod.epfl.ch/site/benchmarking-achats/page-88910.html
493,http://jahia-prod.epfl.ch/site/grp/page-123379.html
494,http://jahia-prod.epfl.ch/site/grp/page-125209.html
495,http://jahia-prod.epfl.ch/site/grp/page-125212.html
496,http://jahia-prod.epfl.ch/site/grp/page-126332.html
497,http://jahia-prod.epfl.ch/site/grp/page-126334.html
498,http://jahia-prod.epfl.ch/site/grp/page-128799.html
499,http://jahia-prod.epfl.ch/site/lcav/page-109783.html
500,http://jahia-prod.epfl.ch/site/lcav/page-112754.html
501,http://jahia-prod.epfl.ch/site/lcav/page-126659.html
502,http://jahia-prod.epfl.ch/site/lcav/page-141353.html
503,http://jahia-prod.epfl.ch/site/lcav/page-2673.html
504,http://jahia-prod.epfl.ch/site/lcav/page-44485.html
505,http://jahia-prod.epfl.ch/site/lcav/page-49518.html
506,http://jahia-prod.epfl.ch/site/lcav/page-64937.html
507,http://jahia-prod.epfl.ch/site/lcav/page-70998.html
508,http://jahia-prod.epfl.ch/site/lcav/page-85529.html
509,http://jahia-prod.epfl.ch/site/lcav/page-93105.html
510,http://jahia-prod.epfl.ch/site/lmce/page-48895.html
511,http://jahia-prod.epfl.ch/site/si/page-34895.html
512,http://jahia-prod.epfl.ch/site/voyages/page-12054.html
513,http://jahia-prod.epfl.ch/site/voyages/page-17823.html
514,http://jahia.epfl.ch/page-45403.html
515,http://jahia.epfl.ch/page-73517.html
516,http://journeedesclasses.epfl.ch/page-26328.html
517,http://kis.epfl.ch/page-25630.html
518,http://laba.epfl.ch/page-21472.html
519,http://laba.epfl.ch/page-68135.html
520,http://lacal.epfl.ch/page-48790.html
521,http://lacal.epfl.ch/page-97066.html
522,http://lammm.epfl.ch/page-114553.html
523,http://lanes.epfl.ch/page-31684.html
524,http://lanes.epfl.ch/page-31688.html
525,http://lap.epfl.ch/page-31711.html
526,http://lasig.epfl.ch/page-106109.html
527,http://lasig.epfl.ch/page-106110.html
528,http://lasig.epfl.ch/page-95521.html
529,http://last.epfl.ch/page-97460.html
530,http://lastro.epfl.ch/page-21762.html
531,http://lastro.epfl.ch/page-21764.html
532,http://lastro.epfl.ch/page-21765.html
533,http://lastro.epfl.ch/page-21767.html
534,http://lastro.epfl.ch/page-21768.html
535,http://lastro.epfl.ch/page-21773.html
536,http://lastro.epfl.ch/page-42154.html
537,http://lastro.epfl.ch/page-46523.html
538,http://lastro.epfl.ch/page-76775.html
539,http://lben.epfl.ch/page-47819.html
540,http://lcav.epfl.ch/page-144546.html
541,http://lcav.epfl.ch/page-145239.html
542,http://lcav.epfl.ch/page-145240.html
543,http://lcav.epfl.ch/page-145244.html
544,http://lcav.epfl.ch/page-145254.html
545,http://lcav.epfl.ch/page-145320.html
546,http://lcav.epfl.ch/page-145322.html
547,http://lcav.epfl.ch/page-145324.html
548,http://lcav.epfl.ch/page-145447.html
549,http://lcbc.epfl.ch/page-116358.html
550,http://lcbc.epfl.ch/page-117437.html
551,http://lcbc.epfl.ch/page-118968.html
552,http://lcbc.epfl.ch/page-119075.html
553,http://lcbc.epfl.ch/page-120008.html
554,http://lcbc.epfl.ch/page-155482.html
555,http://lcbc.epfl.ch/page-50762.html
556,http://lcbc.epfl.ch/page-52436.html
557,http://lcbc.epfl.ch/page-52438.html
558,http://lch.epfl.ch/page-11218.html
559,http://lch.epfl.ch/page-20717.html
560,http://lch.epfl.ch/page-20718.html
561,http://lch.epfl.ch/page-7703.html
562,http://lch.epfl.ch/page-7704.html
563,http://lch.epfl.ch/page-7715.html
564,http://lch.epfl.ch/page-7719.html
565,http://lcmd.epfl.ch/page-50315.html
566,http://lcom.epfl.ch/page-51017.html
567,http://lcpm.epfl.ch/page-53352.html
568,http://lcpt.epfl.ch/page-132686.html
569,http://lcpt.epfl.ch/page-51008.html
570,http://lcs.epfl.ch/page-51032.html
571,http://lcsb.epfl.ch/page-51011.html
572,http://lcso.epfl.ch/page-51029.html
573,http://learning-from-vernacular.epfl.ch/page-56767.html
574,http://lemaitrelab.epfl.ch/page-7764.html
575,http://lemaitrelab.epfl.ch/page-7765.html
576,http://lemaitrelab.epfl.ch/page-7766.html
577,http://lemaitrelab.epfl.ch/page-7767.html
578,http://lemaitrelab.epfl.ch/page-7770.html
579,http://len.epfl.ch/page-73189.html
580,http://lepa.epfl.ch/page-53345.html
581,http://leso.epfl.ch/page-136713.html
582,http://leso.epfl.ch/page-20864.html
583,http://leso.epfl.ch/page-8330.html
584,http://lgc.epfl.ch/page-34663.html
585,http://lhtc.epfl.ch/page-23206.html
586,http://limno.epfl.ch/page-74220.html
587,http://lingner-lab.epfl.ch/page-110258.html
588,http://linux.epfl.ch/page-21837.html
589,http://linx.epfl.ch/page-65573.html
590,http://lions-old.epfl.ch/page-77498.html
591,http://lip.epfl.ch/page-51002.html
592,http://lipid.epfl.ch/page-141476.html
593,http://lipid.epfl.ch/page-144130.html
594,http://lis.epfl.ch/page-56879.html
595,http://lmam.epfl.ch/page-139156.html
596,http://lmam.epfl.ch/page-88793.html
597,http://lme.epfl.ch/page-16539.html
598,http://lme.epfl.ch/page-16553.html
599,http://lmis1.epfl.ch/page-129422.html
600,http://lmis4.epfl.ch/page-26896.html
601,http://lms.epfl.ch/page-32182.html
602,http://lms.epfl.ch/page-32208.html
603,http://lms.epfl.ch/page-76773.html
604,http://lms.epfl.ch/page-94235.html
605,http://lnco.epfl.ch/page-26391.html
606,http://lnco.epfl.ch/page-71602.html
607,http://lnco.epfl.ch/page-71605.html
608,http://lpi.epfl.ch/page-51005.html
609,http://lpmat.epfl.ch/page-78501.html
610,http://lpmc.epfl.ch/page-21512.html
611,http://lppt.epfl.ch/page-51014.html
612,http://lqm.epfl.ch/page-30966.html
613,http://lqm.epfl.ch/page-66999.html
614,http://lrmb.epfl.ch/page-51035.html
615,http://lscb.epfl.ch/page-132689.html
616,http://lsci.epfl.ch/page-50362.html
617,http://lsi.epfl.ch/page-118915.html
618,http://lsi.epfl.ch/page-121329.html
619,http://lsi.epfl.ch/page-50924.html
620,http://lspn.epfl.ch/page-51020.html
621,http://lsro.epfl.ch/page-68569.html
622,http://ltp.epfl.ch/page-35623.html
623,http://lts4.epfl.ch/page-25040.html
624,http://lts4.epfl.ch/page-46575.html
625,http://lts4.epfl.ch/page-47315.html
626,http://lts5www.epfl.ch/page-138913.html
627,http://lts5www.epfl.ch/page-138914.html
628,http://lts5www.epfl.ch/page-138915.html
629,http://lts5www.epfl.ch/page-138916.html
630,http://lts5www.epfl.ch/page-138924.html
631,http://lts5www.epfl.ch/page-70314.html
632,http://luts.epfl.ch/page-17030.html
633,http://luts.epfl.ch/page-17037.html
634,http://master-architecture.epfl.ch/page-54031.html
635,http://master-architecture.epfl.ch/page-54176.html
636,http://master-architecture.epfl.ch/page-54178.html
637,http://master-architecture.epfl.ch/page-54179.html
638,http://master-architecture.epfl.ch/page-54180.html
639,http://master-architecture.epfl.ch/page-54181.html
640,http://master-architecture.epfl.ch/page-54182.html
641,http://master-architecture.epfl.ch/page-54183.html
642,http://master-architecture.epfl.ch/page-54184.html
643,http://master-architecture.epfl.ch/page-54185.html
644,http://master-architecture.epfl.ch/page-54186.html
645,http://master-architecture.epfl.ch/page-54187.html
646,http://master-architecture.epfl.ch/page-54188.html
647,http://master-architecture.epfl.ch/page-54189.html
648,http://master-architecture.epfl.ch/page-54190.html
649,http://master-architecture.epfl.ch/page-54191.html
650,http://master-architecture.epfl.ch/page-54192.html
651,http://master-architecture.epfl.ch/page-54193.html
652,http://master-architecture.epfl.ch/page-54194.html
653,http://master-architecture.epfl.ch/page-54195.html
654,http://master-architecture.epfl.ch/page-54196.html
655,http://master-architecture.epfl.ch/page-54197.html
656,http://master-architecture.epfl.ch/page-54198.html
657,http://master-architecture.epfl.ch/page-54199.html
658,http://master-architecture.epfl.ch/page-54200.html
659,http://master-architecture.epfl.ch/page-54201.html
660,http://master-architecture.epfl.ch/page-54202.html
661,http://master-architecture.epfl.ch/page-54203.html
662,http://master-architecture.epfl.ch/page-54204.html
663,http://master-architecture.epfl.ch/page-54205.html
664,http://master-architecture.epfl.ch/page-54206.html
665,http://master-architecture.epfl.ch/page-54207.html
666,http://master-architecture.epfl.ch/page-54208.html
667,http://master-architecture.epfl.ch/page-54209.html
668,http://master-architecture.epfl.ch/page-54210.html
669,http://master-architecture.epfl.ch/page-54211.html
670,http://master-architecture.epfl.ch/page-54212.html
671,http://master-architecture.epfl.ch/page-54213.html
672,http://master-architecture.epfl.ch/page-54214.html
673,http://master-architecture.epfl.ch/page-54215.html
674,http://master-architecture.epfl.ch/page-54216.html
675,http://master-architecture.epfl.ch/page-54217.html
676,http://master-architecture.epfl.ch/page-54218.html
677,http://master-architecture.epfl.ch/page-54219.html
678,http://master-architecture.epfl.ch/page-54220.html
679,http://master-architecture.epfl.ch/page-54221.html
680,http://master-architecture.epfl.ch/page-54222.html
681,http://master-architecture.epfl.ch/page-54223.html
682,http://master-architecture.epfl.ch/page-54224.html
683,http://master-architecture.epfl.ch/page-54225.html
684,http://master-architecture.epfl.ch/page-54226.html
685,http://master-architecture.epfl.ch/page-54227.html
686,http://master-architecture.epfl.ch/page-54228.html
687,http://master-architecture.epfl.ch/page-54229.html
688,http://master-architecture.epfl.ch/page-54230.html
689,http://master-architecture.epfl.ch/page-54231.html
690,http://master-architecture.epfl.ch/page-54232.html
691,http://master-architecture.epfl.ch/page-54233.html
692,http://master-architecture.epfl.ch/page-54234.html
693,http://master-architecture.epfl.ch/page-54235.html
694,http://master-architecture.epfl.ch/page-54236.html
695,http://master-architecture.epfl.ch/page-54237.html
696,http://master-architecture.epfl.ch/page-54238.html
697,http://master-architecture.epfl.ch/page-54239.html
698,http://master-architecture.epfl.ch/page-54240.html
699,http://master-architecture.epfl.ch/page-54241.html
700,http://master-architecture.epfl.ch/page-54242.html
701,http://master-architecture.epfl.ch/page-54243.html
702,http://master-architecture.epfl.ch/page-54244.html
703,http://master-architecture.epfl.ch/page-54245.html
704,http://master-architecture.epfl.ch/page-54246.html
705,http://master-architecture.epfl.ch/page-54247.html
706,http://master-architecture.epfl.ch/page-54248.html
707,http://master-architecture.epfl.ch/page-54249.html
708,http://master-architecture.epfl.ch/page-54250.html
709,http://master-architecture.epfl.ch/page-54251.html
710,http://master-architecture.epfl.ch/page-54252.html
711,http://master-architecture.epfl.ch/page-54253.html
712,http://master-architecture.epfl.ch/page-54255.html
713,http://master-architecture.epfl.ch/page-54256.html
714,http://master-architecture.epfl.ch/page-54257.html
715,http://master-architecture.epfl.ch/page-54258.html
716,http://master-architecture.epfl.ch/page-54259.html
717,http://master-architecture.epfl.ch/page-54260.html
718,http://master-architecture.epfl.ch/page-54261.html
719,http://master-architecture.epfl.ch/page-54262.html
720,http://master-architecture.epfl.ch/page-54263.html
721,http://master-architecture.epfl.ch/page-54264.html
722,http://master-architecture.epfl.ch/page-54265.html
723,http://master-architecture.epfl.ch/page-54266.html
724,http://master-architecture.epfl.ch/page-54267.html
725,http://master-architecture.epfl.ch/page-54268.html
726,http://master-architecture.epfl.ch/page-54269.html
727,http://master-architecture.epfl.ch/page-54270.html
728,http://master-architecture.epfl.ch/page-54271.html
729,http://master-architecture.epfl.ch/page-54272.html
730,http://master-architecture.epfl.ch/page-54273.html
731,http://master-architecture.epfl.ch/page-54274.html
732,http://master-architecture.epfl.ch/page-54275.html
733,http://master-architecture.epfl.ch/page-54276.html
734,http://master-architecture.epfl.ch/page-54277.html
735,http://master-architecture.epfl.ch/page-54278.html
736,http://master-architecture.epfl.ch/page-54279.html
737,http://master-architecture.epfl.ch/page-54280.html
738,http://master-architecture.epfl.ch/page-54281.html
739,http://master-architecture.epfl.ch/page-54282.html
740,http://master-architecture.epfl.ch/page-54283.html
741,http://master-architecture.epfl.ch/page-54284.html
742,http://master-architecture.epfl.ch/page-54285.html
743,http://master-architecture.epfl.ch/page-54286.html
744,http://master-architecture.epfl.ch/page-54287.html
745,http://master-architecture.epfl.ch/page-54288.html
746,http://master-architecture.epfl.ch/page-54289.html
747,http://master-architecture.epfl.ch/page-54290.html
748,http://master-architecture.epfl.ch/page-54291.html
749,http://master-architecture.epfl.ch/page-54292.html
750,http://master-architecture.epfl.ch/page-54293.html
751,http://master-architecture.epfl.ch/page-54294.html
752,http://master-architecture.epfl.ch/page-54295.html
753,http://master-architecture.epfl.ch/page-54296.html
754,http://master-architecture.epfl.ch/page-54297.html
755,http://master-architecture.epfl.ch/page-54298.html
756,http://master-architecture.epfl.ch/page-54299.html
757,http://master-architecture.epfl.ch/page-54300.html
758,http://master-architecture.epfl.ch/page-54301.html
759,http://master-architecture.epfl.ch/page-54302.html
760,http://master-architecture.epfl.ch/page-54303.html
761,http://master-architecture.epfl.ch/page-54304.html
762,http://master-architecture.epfl.ch/page-54305.html
763,http://master-architecture.epfl.ch/page-54306.html
764,http://master-architecture.epfl.ch/page-54307.html
765,http://master-architecture.epfl.ch/page-54308.html
766,http://master-architecture.epfl.ch/page-54309.html
767,http://master-architecture.epfl.ch/page-54310.html
768,http://master-architecture.epfl.ch/page-54311.html
769,http://master-architecture.epfl.ch/page-54312.html
770,http://master-architecture.epfl.ch/page-54314.html
771,http://master-architecture.epfl.ch/page-54315.html
772,http://master-architecture.epfl.ch/page-54316.html
773,http://master-architecture.epfl.ch/page-54317.html
774,http://master-architecture.epfl.ch/page-54318.html
775,http://master-architecture.epfl.ch/page-54319.html
776,http://master-architecture.epfl.ch/page-54320.html
777,http://master-architecture.epfl.ch/page-54321.html
778,http://master-architecture.epfl.ch/page-54322.html
779,http://master-architecture.epfl.ch/page-54323.html
780,http://master-architecture.epfl.ch/page-54324.html
781,http://master-architecture.epfl.ch/page-54325.html
782,http://master-architecture.epfl.ch/page-54326.html
783,http://master-architecture.epfl.ch/page-54327.html
784,http://master-architecture.epfl.ch/page-54328.html
785,http://master-architecture.epfl.ch/page-54329.html
786,http://master-architecture.epfl.ch/page-54330.html
787,http://master-architecture.epfl.ch/page-54331.html
788,http://master-architecture.epfl.ch/page-54332.html
789,http://master-architecture.epfl.ch/page-54333.html
790,http://master-architecture.epfl.ch/page-54334.html
791,http://master-architecture.epfl.ch/page-54335.html
792,http://master-architecture.epfl.ch/page-54336.html
793,http://master-architecture.epfl.ch/page-54337.html
794,http://master-architecture.epfl.ch/page-54338.html
795,http://master-architecture.epfl.ch/page-54339.html
796,http://master-architecture.epfl.ch/page-54340.html
797,http://master-architecture.epfl.ch/page-54341.html
798,http://master-architecture.epfl.ch/page-54342.html
799,http://master-architecture.epfl.ch/page-54343.html
800,http://master-architecture.epfl.ch/page-54344.html
801,http://master-architecture.epfl.ch/page-54345.html
802,http://master-architecture.epfl.ch/page-54346.html
803,http://master-architecture.epfl.ch/page-54347.html
804,http://master-architecture.epfl.ch/page-54348.html
805,http://master-architecture.epfl.ch/page-54349.html
806,http://master-architecture.epfl.ch/page-54350.html
807,http://master-architecture.epfl.ch/page-54351.html
808,http://master-architecture.epfl.ch/page-54352.html
809,http://master-architecture.epfl.ch/page-54353.html
810,http://master-architecture.epfl.ch/page-54354.html
811,http://master-architecture.epfl.ch/page-54355.html
812,http://master-architecture.epfl.ch/page-54356.html
813,http://master-architecture.epfl.ch/page-54357.html
814,http://master-architecture.epfl.ch/page-54358.html
815,http://master-architecture.epfl.ch/page-54359.html
816,http://master-architecture.epfl.ch/page-54361.html
817,http://master-architecture.epfl.ch/page-54362.html
818,http://master-architecture.epfl.ch/page-54363.html
819,http://master-architecture.epfl.ch/page-54364.html
820,http://master-architecture.epfl.ch/page-54365.html
821,http://master-architecture.epfl.ch/page-54366.html
822,http://master-architecture.epfl.ch/page-54367.html
823,http://master-architecture.epfl.ch/page-54368.html
824,http://master-architecture.epfl.ch/page-54369.html
825,http://master-architecture.epfl.ch/page-54370.html
826,http://master-architecture.epfl.ch/page-54371.html
827,http://master-architecture.epfl.ch/page-54373.html
828,http://master-architecture.epfl.ch/page-54374.html
829,http://master-architecture.epfl.ch/page-54375.html
830,http://master-architecture.epfl.ch/page-54376.html
831,http://master-architecture.epfl.ch/page-54377.html
832,http://master-architecture.epfl.ch/page-54378.html
833,http://master-architecture.epfl.ch/page-54379.html
834,http://master-architecture.epfl.ch/page-54380.html
835,http://master-architecture.epfl.ch/page-54381.html
836,http://master-architecture.epfl.ch/page-54382.html
837,http://master-architecture.epfl.ch/page-54383.html
838,http://master-architecture.epfl.ch/page-54384.html
839,http://master-architecture.epfl.ch/page-54385.html
840,http://master-architecture.epfl.ch/page-54386.html
841,http://master-architecture.epfl.ch/page-54387.html
842,http://master-architecture.epfl.ch/page-54388.html
843,http://master-architecture.epfl.ch/page-54389.html
844,http://master-architecture.epfl.ch/page-54390.html
845,http://master-architecture.epfl.ch/page-54391.html
846,http://master-architecture.epfl.ch/page-54392.html
847,http://master-architecture.epfl.ch/page-54393.html
848,http://master-architecture.epfl.ch/page-54394.html
849,http://master-architecture.epfl.ch/page-54395.html
850,http://master-architecture.epfl.ch/page-54396.html
851,http://master-architecture.epfl.ch/page-54397.html
852,http://master-architecture.epfl.ch/page-54398.html
853,http://master-architecture.epfl.ch/page-54399.html
854,http://master-architecture.epfl.ch/page-54400.html
855,http://master-architecture.epfl.ch/page-54401.html
856,http://master-architecture.epfl.ch/page-54402.html
857,http://master-architecture.epfl.ch/page-54403.html
858,http://master-architecture.epfl.ch/page-54404.html
859,http://master-architecture.epfl.ch/page-54405.html
860,http://master-architecture.epfl.ch/page-54406.html
861,http://master-architecture.epfl.ch/page-54407.html
862,http://master-architecture.epfl.ch/page-54408.html
863,http://master-architecture.epfl.ch/page-54409.html
864,http://master-architecture.epfl.ch/page-54410.html
865,http://master-architecture.epfl.ch/page-54411.html
866,http://master-architecture.epfl.ch/page-54412.html
867,http://master-architecture.epfl.ch/page-54413.html
868,http://master-architecture.epfl.ch/page-54414.html
869,http://master-architecture.epfl.ch/page-54415.html
870,http://master-architecture.epfl.ch/page-54416.html
871,http://master-architecture.epfl.ch/page-54417.html
872,http://master-architecture.epfl.ch/page-54418.html
873,http://master-architecture.epfl.ch/page-54419.html
874,http://master-architecture.epfl.ch/page-54420.html
875,http://master-architecture.epfl.ch/page-54421.html
876,http://master-architecture.epfl.ch/page-54422.html
877,http://master-architecture.epfl.ch/page-54423.html
878,http://master-architecture.epfl.ch/page-54424.html
879,http://master-architecture.epfl.ch/page-54425.html
880,http://master-architecture.epfl.ch/page-54426.html
881,http://master-architecture.epfl.ch/page-54427.html
882,http://master-architecture.epfl.ch/page-54428.html
883,http://master-architecture.epfl.ch/page-54429.html
884,http://master-architecture.epfl.ch/page-54430.html
885,http://master-architecture.epfl.ch/page-54431.html
886,http://master-architecture.epfl.ch/page-54432.html
887,http://master-architecture.epfl.ch/page-54433.html
888,http://master-architecture.epfl.ch/page-54434.html
889,http://master-architecture.epfl.ch/page-54435.html
890,http://master-architecture.epfl.ch/page-54436.html
891,http://master-architecture.epfl.ch/page-54437.html
892,http://master-architecture.epfl.ch/page-54438.html
893,http://master-architecture.epfl.ch/page-54439.html
894,http://master-architecture.epfl.ch/page-54440.html
895,http://master-architecture.epfl.ch/page-54441.html
896,http://master-architecture.epfl.ch/page-54442.html
897,http://master-architecture.epfl.ch/page-54443.html
898,http://master-architecture.epfl.ch/page-54444.html
899,http://master-architecture.epfl.ch/page-54445.html
900,http://master-architecture.epfl.ch/page-54446.html
901,http://master-architecture.epfl.ch/page-54447.html
902,http://master-architecture.epfl.ch/page-54448.html
903,http://master-architecture.epfl.ch/page-54449.html
904,http://master-architecture.epfl.ch/page-54450.html
905,http://master-architecture.epfl.ch/page-54451.html
906,http://master-architecture.epfl.ch/page-54452.html
907,http://master-architecture.epfl.ch/page-54453.html
908,http://master-architecture.epfl.ch/page-54454.html
909,http://master-architecture.epfl.ch/page-54455.html
910,http://master-architecture.epfl.ch/page-54456.html
911,http://master-architecture.epfl.ch/page-54457.html
912,http://master-architecture.epfl.ch/page-54458.html
913,http://master-architecture.epfl.ch/page-54459.html
914,http://master-architecture.epfl.ch/page-54460.html
915,http://master-architecture.epfl.ch/page-54461.html
916,http://master-architecture.epfl.ch/page-54462.html
917,http://master-architecture.epfl.ch/page-54463.html
918,http://master-architecture.epfl.ch/page-54464.html
919,http://master-architecture.epfl.ch/page-54465.html
920,http://master-architecture.epfl.ch/page-54466.html
921,http://master-architecture.epfl.ch/page-54467.html
922,http://master-architecture.epfl.ch/page-54468.html
923,http://master-architecture.epfl.ch/page-54469.html
924,http://master-architecture.epfl.ch/page-54471.html
925,http://master-architecture.epfl.ch/page-54472.html
926,http://master-architecture.epfl.ch/page-54473.html
927,http://master-architecture.epfl.ch/page-54474.html
928,http://master-architecture.epfl.ch/page-54475.html
929,http://master-architecture.epfl.ch/page-54476.html
930,http://master-architecture.epfl.ch/page-54477.html
931,http://master-architecture.epfl.ch/page-54478.html
932,http://master-architecture.epfl.ch/page-54479.html
933,http://master-architecture.epfl.ch/page-54480.html
934,http://master-architecture.epfl.ch/page-54481.html
935,http://master-architecture.epfl.ch/page-54482.html
936,http://master-architecture.epfl.ch/page-54483.html
937,http://master-architecture.epfl.ch/page-54484.html
938,http://master-architecture.epfl.ch/page-54485.html
939,http://master-architecture.epfl.ch/page-54486.html
940,http://master-architecture.epfl.ch/page-54487.html
941,http://master-architecture.epfl.ch/page-54488.html
942,http://master-architecture.epfl.ch/page-54489.html
943,http://master-architecture.epfl.ch/page-54490.html
944,http://master-architecture.epfl.ch/page-54491.html
945,http://master-architecture.epfl.ch/page-54492.html
946,http://master-architecture.epfl.ch/page-54493.html
947,http://master-architecture.epfl.ch/page-54494.html
948,http://master-architecture.epfl.ch/page-54495.html
949,http://master-architecture.epfl.ch/page-54496.html
950,http://master-architecture.epfl.ch/page-54497.html
951,http://master-architecture.epfl.ch/page-54498.html
952,http://master-architecture.epfl.ch/page-54499.html
953,http://master-architecture.epfl.ch/page-54500.html
954,http://master-architecture.epfl.ch/page-54501.html
955,http://master-architecture.epfl.ch/page-54502.html
956,http://master-architecture.epfl.ch/page-54503.html
957,http://master-architecture.epfl.ch/page-54504.html
958,http://master-architecture.epfl.ch/page-54505.html
959,http://master-architecture.epfl.ch/page-54506.html
960,http://master-architecture.epfl.ch/page-54507.html
961,http://master-architecture.epfl.ch/page-76690.html
962,http://mathicse.epfl.ch/page-68906.html
963,http://mckinney-lab.epfl.ch/page-124087.html
964,http://mcs.epfl.ch/page-7886.html
965,http://mediacom.epfl.ch/page-118376.html
966,http://mediacom.epfl.ch/page-127848.html
967,http://mediacom.epfl.ch/page-31939.html
968,http://medias.epfl.ch/page-38580.html
969,http://medias.epfl.ch/page-38750.html
970,http://medias.epfl.ch/page-87478.html
971,http://messaa.epfl.ch/page-145574.html
972,http://metamedia.epfl.ch/page-100407.html
973,http://metamedia.epfl.ch/page-95417.html
974,http://mlo.epfl.ch/page-146520.html
975,http://mmspg.epfl.ch/page-58322.html
976,http://mmspg.epfl.ch/page-58334.html
977,http://mmspg.epfl.ch/page-58393.html
978,http://mmspg.epfl.ch/page-58396.html
979,http://mmspg.epfl.ch/page-58397.html
980,http://mmspg.epfl.ch/page-58407.html
981,http://mmspg.epfl.ch/page-81744.html
982,http://moocs.epfl.ch/page-112128.html
983,http://moocs.epfl.ch/page-85466.html
984,http://moocs.epfl.ch/page-85491.html
985,http://moocs.epfl.ch/page-89534.html
986,http://moocs.epfl.ch/page-92582.html
987,http://moocs.epfl.ch/page-92720.html
988,http://mowses.epfl.ch/page-111268.html
989,http://museephysique.epfl.ch/page-16656.html
990,http://mysql.epfl.ch/page-34425.html
991,http://nanolab.epfl.ch/page-67059.html
992,http://nanolab.epfl.ch/page-67249.html
993,http://nanolab.epfl.ch/page-72810.html
994,http://nanolab.epfl.ch/page-72811.html
995,http://oche.epfl.ch/page-105385.html
996,http://oche.epfl.ch/page-111196.html
997,http://oche.epfl.ch/page-126612.html
998,http://oche.epfl.ch/page-127250.html
999,http://oche.epfl.ch/page-127930.html
1000,http://oche.epfl.ch/page-131846.html
1001,http://oche.epfl.ch/page-135129.html
1002,http://oche.epfl.ch/page-139796.html
1003,http://oche.epfl.ch/page-139798.html
1004,http://oche.epfl.ch/page-139799.html
1005,http://oche.epfl.ch/page-145678.html
1006,http://phd.epfl.ch/page-104075.html
1007,http://phd.epfl.ch/page-105557.html
1008,http://phd.epfl.ch/page-145098.html
1009,http://phd.epfl.ch/page-151109.html
1010,http://phd.epfl.ch/page-19681.html
1011,http://phd.epfl.ch/page-19694.html
1012,http://phd.epfl.ch/page-19698.html
1013,http://phd.epfl.ch/page-19708.html
1014,http://phd.epfl.ch/page-19714.html
1015,http://phd.epfl.ch/page-22727.html
1016,http://phd.epfl.ch/page-23913.html
1017,http://phd.epfl.ch/page-33863.html
1018,http://phd.epfl.ch/page-59905.html
1019,http://phd.epfl.ch/page-64982.html
1020,http://phd.epfl.ch/page-83660.html
1021,http://phd.epfl.ch/page-84720.html
1022,http://photonics.epfl.ch/page-101686.html
1023,http://photonics.epfl.ch/page-109773.html
1024,http://photonics.epfl.ch/page-109777.html
1025,http://photonics.epfl.ch/page-155804.html
1026,http://photonics.epfl.ch/page-85461.html
1027,http://polar.epfl.ch/page-131997.html
1028,http://polyjapan.epfl.ch/page-38453.html
1029,http://polylex.epfl.ch/page-26065.html
1030,http://polylex.epfl.ch/page-26066.html
1031,http://polylex.epfl.ch/page-26067.html
1032,http://polylex.epfl.ch/page-26068.html
1033,http://polylex.epfl.ch/page-26069.html
1034,http://polylex.epfl.ch/page-26070.html
1035,http://polylex.epfl.ch/page-26072.html
1036,http://polylex.epfl.ch/page-26074.html
1037,http://polylex.epfl.ch/page-26075.html
1038,http://polylex.epfl.ch/page-26076.html
1039,http://polylex.epfl.ch/page-26077.html
1040,http://polylex.epfl.ch/page-26078.html
1041,http://polylex.epfl.ch/page-26080.html
1042,http://polylex.epfl.ch/page-26081.html
1043,http://polylex.epfl.ch/page-26082.html
1044,http://polylex.epfl.ch/page-42181.html
1045,http://polylex.epfl.ch/page-42183.html
1046,http://polylex.epfl.ch/page-42184.html
1047,http://polylex.epfl.ch/page-42191.html
1048,http://polylex.epfl.ch/page-42192.html
1049,http://polylex.epfl.ch/page-42193.html
1050,http://polylex.epfl.ch/page-55690.html
1051,http://polylex.epfl.ch/page-55734.html
1052,http://polylex.epfl.ch/page-56084.html
1053,http://polylex.epfl.ch/page-56088.html
1054,http://polylex.epfl.ch/page-56691.html
1055,http://polylex.epfl.ch/page-56948.html
1056,http://polylex.epfl.ch/page-56950.html
1057,http://polylex.epfl.ch/page-56983.html
1058,http://polylex.epfl.ch/page-57168.html
1059,http://polylex.epfl.ch/page-57169.html
1060,http://polylex.epfl.ch/page-57172.html
1061,http://polylex.epfl.ch/page-57214.html
1062,http://professeurs.epfl.ch/page-41222.html
1063,http://professeurs.epfl.ch/page-78848.html
1064,http://repro.epfl.ch/page-110362.html
1065,http://repro.epfl.ch/page-110382.html
1066,http://repro.epfl.ch/page-110383.html
1067,http://repro.epfl.ch/page-110390.html
1068,http://repro.epfl.ch/page-110410.html
1069,http://restauration.epfl.ch/page-74981.html
1070,http://rh.epfl.ch/page-122319.html
1071,http://rh.epfl.ch/page-122323.html
1072,http://rh.epfl.ch/page-122324.html
1073,http://rh.epfl.ch/page-122330.html
1074,http://rh.epfl.ch/page-122331.html
1075,http://rh.epfl.ch/page-122335.html
1076,http://rh.epfl.ch/page-122357.html
1077,http://rh.epfl.ch/page-122367.html
1078,http://rh.epfl.ch/page-122420.html
1079,http://rh.epfl.ch/page-124558.html
1080,http://rh.epfl.ch/page-125694.html
1081,http://rh.epfl.ch/page-32097.html
1082,http://rh.epfl.ch/page-41178.html
1083,http://rh.epfl.ch/page-41183.html
1084,http://rh.epfl.ch/page-41186.html
1085,http://rh.epfl.ch/page-41207.html
1086,http://ri.epfl.ch/page-74016.html
1087,http://rolexlearningcenter.epfl.ch/page-45189.html
1088,http://rolexlearningcenter.epfl.ch/page-45191.html
1089,http://rolexlearningcenter.epfl.ch/page-45194.html
1090,http://rolexlearningcenter.epfl.ch/page-45195.html
1091,http://rolexlearningcenter.epfl.ch/page-45196.html
1092,http://rolexlearningcenter.epfl.ch/page-45201.html
1093,http://rolexlearningcenter.epfl.ch/page-45270.html
1094,http://rolexlearningcenter.epfl.ch/page-46887.html
1095,http://rrl.epfl.ch/page-152270.html
1096,http://sac.epfl.ch/page-131312.html
1097,http://sac.epfl.ch/page-18679.html
1098,http://sac.epfl.ch/page-18684.html
1099,http://sac.epfl.ch/page-18688.html
1100,http://sac.epfl.ch/page-46274.html
1101,http://sae.epfl.ch/page-156119.html
1102,http://sae.epfl.ch/page-27105.html
1103,http://salathelab.epfl.ch/page-138265.html
1104,http://sb.epfl.ch/page-100947.html
1105,http://sb.epfl.ch/page-102328.html
1106,http://sb.epfl.ch/page-121152.html
1107,http://sb.epfl.ch/page-128856.html
1108,http://sb.epfl.ch/page-130712.html
1109,http://sb.epfl.ch/page-43199.html
1110,http://sb.epfl.ch/page-48773.html
1111,http://sb.epfl.ch/page-59872.html
1112,http://sb.epfl.ch/page-62030.html
1113,http://scgc.epfl.ch/page-45323.html
1114,http://scgc.epfl.ch/page-8906.html
1115,http://scientific-equipment.epfl.ch/page-88195.html
1116,http://scientific-equipment.epfl.ch/page-88201.html
1117,http://scientific-equipment.epfl.ch/page-88204.html
1118,http://scientific-equipment.epfl.ch/page-88209.html
1119,http://securite.epfl.ch/page-132696.html
1120,http://securite.epfl.ch/page-34460.html
1121,http://securite.epfl.ch/page-75916.html
1122,http://securite.epfl.ch/page-79041.html
1123,http://sesame.epfl.ch/page-86680.html
1124,http://sf.epfl.ch/page-115786.html
1125,http://sf.epfl.ch/page-123043.html
1126,http://sf.epfl.ch/page-12749.html
1127,http://sf.epfl.ch/page-12754.html
1128,http://sf.epfl.ch/page-12755.html
1129,http://sf.epfl.ch/page-12759.html
1130,http://sf.epfl.ch/page-12763.html
1131,http://sf.epfl.ch/page-12765.html
1132,http://sf.epfl.ch/page-12766.html
1133,http://sf.epfl.ch/page-12767.html
1134,http://sf.epfl.ch/page-12768.html
1135,http://sf.epfl.ch/page-12769.html
1136,http://sf.epfl.ch/page-12770.html
1137,http://sf.epfl.ch/page-12771.html
1138,http://sf.epfl.ch/page-12773.html
1139,http://sf.epfl.ch/page-12775.html
1140,http://sf.epfl.ch/page-12776.html
1141,http://sf.epfl.ch/page-12777.html
1142,http://sf.epfl.ch/page-12778.html
1143,http://sf.epfl.ch/page-12781.html
1144,http://sf.epfl.ch/page-67449.html
1145,http://sf.epfl.ch/page-71765.html
1146,http://sf.epfl.ch/page-86685.html
1147,http://sf.epfl.ch/page-94442.html
1148,http://sfi.epfl.ch/page-121811.html
1149,http://sfi.epfl.ch/page-121824.html
1150,http://sfi.epfl.ch/page-125850.html
1151,http://sfi.epfl.ch/page-12789.html
1152,http://sfi.epfl.ch/page-143556.html
1153,http://sfi.epfl.ch/page-46181.html
1154,http://sfp.epfl.ch/page-132235.html
1155,http://shf2011.epfl.ch/page-65142.html
1156,http://shf2011.epfl.ch/page-65143.html
1157,http://space.epfl.ch/page-100139.html
1158,http://spc.epfl.ch/page-103957.html
1159,http://spc.epfl.ch/page-127420.html
1160,http://spc.epfl.ch/page-68266.html
1161,http://sps.epfl.ch/page-115962.html
1162,http://sps.epfl.ch/page-129708.html
1163,http://sps.epfl.ch/page-141629.html
1164,http://stages.epfl.ch/page-97407.html
1165,http://sti-ateliers.epfl.ch/page-123536.html
1166,http://sti-ateliers.epfl.ch/page-130701.html
1167,http://sti-ateliers.epfl.ch/page-19966.html
1168,http://sti-ateliers.epfl.ch/page-19988.html
1169,http://sti-ateliers.epfl.ch/page-20034.html
1170,http://sti-ateliers.epfl.ch/page-93195.html
1171,http://sti.epfl.ch/page-1567.html
1172,http://sti.epfl.ch/page-1674.html
1173,http://sti.epfl.ch/page-1691.html
1174,http://sti.epfl.ch/page-1695.html
1175,http://sti.epfl.ch/page-1696.html
1176,http://sti.epfl.ch/page-1700.html
1177,http://sti.epfl.ch/page-1760.html
1178,http://sti.epfl.ch/page-30232.html
1179,http://sti.epfl.ch/page-63122.html
1180,http://studying.epfl.ch/page-110886.html
1181,http://studying.epfl.ch/page-20629.html
1182,http://studying.epfl.ch/page-20631.html
1183,http://studying.epfl.ch/page-20632.html
1184,http://studying.epfl.ch/page-20633.html
1185,http://studying.epfl.ch/page-51776.html
1186,http://studying.epfl.ch/page-55542.html
1187,http://sunmil.epfl.ch/page-59330.html
1188,http://sv-in.epfl.ch/page-126985.html
1189,http://sv-in.epfl.ch/page-52418.html
1190,http://sv-in.epfl.ch/page-8563.html
1191,http://sv-postdoc.epfl.ch/page-101410.html
1192,http://sv-postdoc.epfl.ch/page-105620.html
1193,http://sv-postdoc.epfl.ch/page-107979.html
1194,http://sv-postdoc.epfl.ch/page-109473.html
1195,http://sv-postdoc.epfl.ch/page-93383.html
1196,http://sv-postdoc.epfl.ch/page-95066.html
1197,http://sv-postdoc.epfl.ch/page-97992.html
1198,http://sv.epfl.ch/page-116219.html
1199,http://sv.epfl.ch/page-116222.html
1200,http://sv.epfl.ch/page-116223.html
1201,http://sv.epfl.ch/page-116224.html
1202,http://sv.epfl.ch/page-119654.html
1203,http://sv.epfl.ch/page-124113.html
1204,http://sv.epfl.ch/page-124194.html
1205,http://sv.epfl.ch/page-124201.html
1206,http://sv.epfl.ch/page-124202.html
1207,http://sv.epfl.ch/page-124269.html
1208,http://sv.epfl.ch/page-126192.html
1209,http://sv.epfl.ch/page-131399.html
1210,http://sv.epfl.ch/page-132551.html
1211,http://sv.epfl.ch/page-138242.html
1212,http://sv.epfl.ch/page-140422.html
1213,http://sv.epfl.ch/page-146164.html
1214,http://sv.epfl.ch/page-26571.html
1215,http://sv.epfl.ch/page-26578.html
1216,http://sv.epfl.ch/page-26585.html
1217,http://sv.epfl.ch/page-29605.html
1218,http://sv.epfl.ch/page-80100.html
1219,http://tan.epfl.ch/page-100217.html
1220,http://teaching.epfl.ch/page-133563.html
1221,http://topo.epfl.ch/page-32365.html
1222,http://transport.epfl.ch/page-100607.html
1223,http://transport.epfl.ch/page-135637.html
1224,http://tto.epfl.ch/page-103467.html
1225,http://unfold.epfl.ch/page-129545.html
1226,http://vivapoly.epfl.ch/page-90781.html
1227,http://vlsc.epfl.ch/page-117506.html
1228,http://voyages.epfl.ch/page-66236.html
1229,http://voyages.epfl.ch/page-66337.html
1230,http://web2010.epfl.ch/page-89663.html
1231,http://working.epfl.ch/page-124390.html
1232,http://working.epfl.ch/page-124391.html
1233,http://working.epfl.ch/page-130764.html
1234,http://working.epfl.ch/page-7028.html
1235,http://working.epfl.ch/page-7029.html
1236,http://working.epfl.ch/page-7030.html
1237,http://working.epfl.ch/page-7031.html
1238,http://working.epfl.ch/page-7032.html
1239,http://working.epfl.ch/page-7033.html
1240,http://working.epfl.ch/page-7034.html
1241,http://working.epfl.ch/page-7035.html
1242,http://working.epfl.ch/page-7036.html
1243,http://working.epfl.ch/page-7037.html
1244,http://working.epfl.ch/page-7038.html
1245,http://working.epfl.ch/page-7039.html
1246,http://working.epfl.ch/page-7040.html
1247,http://www.fifel.ch/page-62888.html
1248,http://www.fifel.ch/page-70296.html
1249,http://www.fifel.ch/page-70689.html
1250,http://www.fifel.ch/page-76601.html
1251,http://www.fifel.ch/page-76603.html
1252,http://www.fifel.ch/page-76604.html
1253,http://www.fifel.ch/page-76615.html
1254,http://www.fifel.ch/page-76629.html
1255,http://www.fifel.ch/page-76630.html
1256,http://www.fifel.ch/page-76644.html
1257,http://www.fifel.ch/page-76645.html
1258,http://www.fifel.ch/page-76747.html
1259,http://www.fifel.ch/page-76785.html
1260,http://www.fifel.ch/page-76787.html
1261,http://www.fifel.ch/page-76793.html
1262,http://www.fifel.ch/page-76807.html
1263,http://www.fifel.ch/page-76826.html
1264,http://www.nccr-robotics.ch/page-108136.html
1265,http://www.nccr-robotics.ch/page-112283.html
1266,http://www.nccr-robotics.ch/page-112875.html
1267,http://www.nccr-robotics.ch/page-132459.html
1268,http://www.nccr-robotics.ch/page-51056.html
1269,http://www.nccr-robotics.ch/page-58088.html
1270,http://www.nccr-robotics.ch/page-95244.html
1271,http://www.nccr-robotics.ch/page-95298.html
1272,http://www.nccr-robotics.ch/page-97929.html
1273,http://www.nccr-robotics.ch/page-99951.html
1274,http://www.ofs26.org/page-143972.html
1275,http://www.prosense-itn.eu/page-91781.html